AU	Australia	Австралия	オーストラリア	Австралія
CN	China	Китай	中国	Китай
JP	Japan	Япония	日本	Японія
TH	Thailand	Таиланд	タイ王国	Таїланд
IN	India	Индия	インド	Індія
MY	Malaysia	Малайзия	マレーシア	Малайзія
KR	South Korea	Республика Корея	大韓民国	Південна Корея
SG	Singapore	Сингапур	シンガポール	Сінгапур
TW	Taiwan	Тайвань	台湾	Тайвань
HK	Hong Kong	Гонконг	香港	Гонконг, ОАР Китаю
PH	Philippines	Филиппины	フィリピン共和国	Філіппіни
VN	Vietnam	Вьетнам	ベトナム	Вʼєтнам
NL	The Netherlands	Нидерланды	オランダ王国	Нідерланди
US	United States	США	アメリカ	Сполучені Штати
IE	Ireland	Ирландия	アイルランド	Ірландія
DE	Germany	ФРГ	ドイツ連邦共和国	Німеччина
BR	Brazil	Бразилия	ブラジル連邦共和国	Бразилія
AR	Argentina	Аргентина	アルゼンチン共和国	Аргентина
FR	France	Франция	フランス共和国	Франція
CA	Canada	Канада	カナダ	Канада
SE	Sweden	Швеция	スウェーデン王国	Швеція
GB	United Kingdom	Британия	英国	Велика Британія
PS	Palestine	Палестина	パレスチナ	Палестинські території
ES	Spain	Испания	スペイン	Іспанія
CZ	Czechia	Чехия	チェコ共和国	Чехія
CH	Switzerland	Швейцария	スイス連邦	Швейцарія
AT	Austria	Австрия	オーストリア共和国	Австрія
IT	Italy	Италия	イタリア共和国	Італія
GR	Greece	Греция	ギリシャ共和国	Греція
RU	Russia	Россия	ロシア	Росія
ZA	South Africa	ЮАР	南アフリカ	Південно-Африканська Республіка
AE	United Arab Emirates	ОАЭ	アラブ首長国連邦	Обʼєднані Арабські Емірати
DK	Denmark	Дания	デンマーク王国	Данія
PT	Portugal	Португалия	ポルトガル共和国	Португалія
GH	Ghana	Гана	ガーナ共和国	Гана
ID	Indonesia	Индонезия	インドネシア共和国	Індонезія
CM	Cameroon	Камерун	カメルーン共和国	Камерун
TR	Türkiye	Турция	トルコ共和国	Туреччина
FI	Finland	Финляндия	フィンランド共和国	Фінляндія
PL	Poland	Польша	ポーランド共和国	Польща
JO	Jordan	Иордания	ヨルダン・ハシミテ王国	Йорданія
BE	Belgium	Бельгия	ベルギー王国	Бельгія
RO	Romania	Румыния	ルーマニア	Румунія
KE	Kenya	Кения	ケニア共和国	Кенія
UG	Uganda	Уганда	ウガンダ共和国	Уганда
AM	Armenia	Армения	アルメニア共和国	Вірменія
TZ	Tanzania	Танзания	タンザニア連合共和国	Танзанія
BI	Burundi	Бурунди	ブルンジ共和国	Бурунді
CL	Chile	Чили	チリ共和国	Чилі
NO	Norway	Норвегия	ノルウェー王国	Норвегія
LU	Luxembourg	Люксембург	ルクセンブルク	Люксембург
CO	Colombia	Колумбия	コロンビア共和国	Колумбія
BG	Bulgaria	Болгария	ブルガリア共和国	Болгарія
MX	Mexico	Мексика	メキシコ合衆国	Мексика
UA	Ukraine	Украина	ウクライナ共和国	Україна
EG	Egypt	Египет	エジプト・アラブ共和国	Єгипет
IL	Israel	Израиль	イスラエル国	Ізраїль
QA	Qatar	Катар	カタール	Катар
PE	Peru	Перу	ペルー共和国	Перу
LT	Lithuania	Литва	リトアニア共和国	Литва
HR	Croatia	Хорватия	クロアチア共和国	Хорватія
CY	Cyprus	Кипр	キプロス共和国	Кіпр
VG	British Virgin Islands	Виргинские о-ва (Великобритания)	英領ヴァージン諸島	Британські Віргінські острови
KZ	Kazakhstan	Казахстан	カザフスタン共和国	Казахстан
IS	Iceland	Исландия	アイスランド共和国	Ісландія
OM	Oman	Оман	オマーン国	Оман
IR	Iran	Иран	イラン・イスラム共和国	Іран
GE	Georgia	Грузия	グルジア共和国	Грузія
SK	Slovakia	Словакия	スロバキア (スロバキア共和国)	Словаччина
UZ	Uzbekistan	Узбекистан	ウズベキスタン共和国	Узбекистан
EE	Estonia	Эстония	エストニア共和国	Естонія
EC	Ecuador	Эквадор	エクアドル共和国	Еквадор
GT	Guatemala	Гватемала	グアテマラ	Гватемала
PR	Puerto Rico	Пуэрто-Рико	プエルトリコ	Пуерто-Рико
GI	Gibraltar	Гибралтар	ジブラルタル	Гібралтар
LV	Latvia	Латвия	ラトビア共和国	Латвія
SI	Slovenia	Словения	スロベニア	Словенія
HU	Hungary	Венгрия	ハンガリー共和国	Угорщина
SA	Saudi Arabia	Саудовская Аравия	サウジアラビア王国	Саудівська Аравія
CR	Costa Rica	Коста-Рика	コスタリカ	Коста-Рика
NZ	New Zealand	Новая Зеландия	ニュージーランド	Нова Зеландія
BH	Bahrain	Бахрейн	バーレーン	Бахрейн
SY	Syria	Сирия	シリア・アラブ共和国	Сирія
SC	Seychelles	Сейшельские о-ва	セーシェル	Сейшельські Острови
IQ	Iraq	Ирак	イラク共和国	Ірак
LB	Lebanon	Ливан	レバノン共和国	Ліван
MD	Moldova	Молдова	モルドバ共和国	Молдова
AX	Åland Islands	Аланды	オーランド諸島	Аландські Острови
AZ	Azerbaijan	Азербайджан	アゼルバイジャン共和国	Азербайджан
RS	Serbia	Сербия	セルビア	Сербія
BF	Burkina Faso	Буркина-Фасо	ブルキナファソ	Буркіна-Фасо
KH	Cambodia	Камбоджа	カンボジア国	Камбоджа
MK	North Macedonia	Северная Македония	北マケドニア	Північна Македонія
LI	Liechtenstein	Лихтенштейн	リヒテンシュタイン公国	Ліхтенштейн
JE	Jersey	Джерси	ジャージー	Джерсі
MT	Malta	Мальта	マルタ島	Мальта
BA	Bosnia and Herzegovina	Босния и Герцеговина	ボスニア・ヘルツェゴビナ	Боснія і Герцеговина
BY	Belarus	Беларусь	ベラルーシ共和国	Білорусь
KG	Kyrgyzstan	Кыргызстан	キルギス共和国	Киргизстан
RE	Réunion	Реюньон	レユニオン	Реюньйон
AS	American Samoa	Американское Самоа	米領サモア	Американське Самоа
AI	Anguilla	Ангилья	アンギラ	Ангілья
AG	Antigua and Barbuda	Антигуа и Барбуда	アンティグア・バーブーダ	Антигуа і Барбуда
AW	Aruba	Аруба	アルバ島	Аруба
BS	Bahamas	Багамы	バハマ国	Багамські Острови
BB	Barbados	Барбадос	バルバドス	Барбадос
BZ	Belize	Белиз	ベリーズ	Беліз
BM	Bermuda	Бермудские о-ва	バミューダ諸島	Бермудські Острови
BO	Bolivia	Боливия	ボリビア共和国	Болівія
KY	Cayman Islands	Каймановы Острова	ケイマン諸島	Кайманові Острови
CK	Cook Islands	Острова Кука	クック諸島	Острови Кука
CU	Cuba	Куба	キューバ共和国	Куба
DM	Dominica	Доминика	ドミニカ国	Домініка
DO	Dominican Republic	Доминиканская Республика	ドミニカ共和国	Домініканська Республіка
SV	El Salvador	Сальвадор	エルサルバドル	Сальвадор
FK	Falkland Islands	Фолклендские о-ва	フォークランド諸島	Фолклендські Острови
FJ	Fiji	Фиджи	フィジー	Фіджі
GD	Grenada	Гренада	グレナダ	Гренада
GP	Guadeloupe	Гваделупа	グアドループ	Гваделупа
GU	Guam	Гуам	グアム	Гуам
GY	Guyana	Гайана	ガイアナ	Гаяна
HT	Haiti	Гаити	ハイチ共和国	Гаїті
HN	Honduras	Гондурас	ホンジュラス共和国	Гондурас
JM	Jamaica	Ямайка	ジャマイカ	Ямайка
KI	Kiribati	Кирибати	キリバス共和国	Кірибаті
MS	Montserrat	Монтсеррат	モントセラト島	Монтсеррат
NR	Nauru	Науру	ナウル	Науру
NC	New Caledonia	Новая Каледония	ニューカレドニア	Нова Каледонія
NI	Nicaragua	Никарагуа	ニカラグア共和国	Нікарагуа
NU	Niue	Ниуэ	ニウエ島	Ніуе
NF	Norfolk Island	о-в Норфолк	ノーフォーク島	Острів Норфолк
KP	North Korea	КНДР	韓国、朝鮮民主主義人民共和国	Північна Корея
PA	Panama	Панама	パナマ	Панама
PG	Papua New Guinea	Папуа – Новая Гвинея	パプア・ニューギニア	Папуа-Нова Гвінея
PY	Paraguay	Парагвай	パラグアイ共和国	Парагвай
PN	Pitcairn Islands	о-ва Питкэрн	ピトケアン諸島	Острови Піткерн
KN	St Kitts and Nevis	Сент-Китс и Невис	セントクリストファー・ネビス	Сент-Кітс і Невіс
LC	Saint Lucia	Сент-Люсия	セントルシア	Сент-Люсія
VC	St Vincent and Grenadines	Сент-Винсент и Гренадины	セントビンセント及びグレナディーン諸島	Сент-Вінсент і Гренадіни
WS	Samoa	Самоа	西サモア	Самоа
SB	Solomon Islands	Соломоновы Острова	ソロモン諸島	Соломонові Острови
SR	Suriname	Суринам	スリナム共和国	Суринам
SZ	Eswatini	Эсватини	スワジランド王国	Есватіні
TK	Tokelau	Токелау	トケラウ	Токелау
TO	Tonga	Тонга	トンガ王国	Тонга
TT	Trinidad and Tobago	Тринидад и Тобаго	トリニダード・トバゴ	Тринідад і Тобаго
TC	Turks and Caicos Islands	о-ва Тёркс и Кайкос	タークス・カイコス諸島	Острови Теркс і Кайкос
TV	Tuvalu	Тувалу	ツバル	Тувалу
UY	Uruguay	Уругвай	ウルグアイ共和国	Уругвай
VU	Vanuatu	Вануату	バヌアツ共和国	Вануату
VE	Venezuela	Венесуэла	ベネズエラ共和国	Венесуела
AD	Andorra	Андорра	アンドラ	Андорра
AO	Angola	Ангола	アンゴラ共和国	Ангола
BD	Bangladesh	Бангладеш	バングラディッシュ人民共和国	Бангладеш
BJ	Benin	Бенин	ベニン共和国	Бенін
BT	Bhutan	Бутан	ブータン王国	Бутан
BW	Botswana	Ботсвана	ボツワナ共和国	Ботсвана
BN	Brunei	Бруней-Даруссалам	ブルネイ	Бруней
CV	Cabo Verde	Кабо-Верде	カーボベルデ	Кабо-Верде
CF	Central African Republic	Центрально-Африканская Республика	中央アフリカ共和国	Центральноафриканська Республіка
TD	Chad	Чад	チャド共和国	Чад
CX	Christmas Island	о-в Рождества	クリスマス島	Острів Різдва
CC	Cocos (Keeling) Islands	Кокосовые о-ва	ココス(キーリング)諸島	Кокосові (Кілінг) Острови
KM	Comoros	Коморские о-ва	コモロ・イスラム連邦共和国	Комори
CD	DR Congo	Заир	コンゴ民主共和国	Конго – Кіншаса
CI	Ivory Coast	Кот-д’Ивуар	象牙海岸	Кот-дʼІвуар
GQ	Equatorial Guinea	Экваториальная Гвинея	赤道ギニア	Екваторіальна Гвінея
ER	Eritrea	Эритрея	エリトリア	Еритрея
ET	Ethiopia	Эфиопия	エチオピア	Ефіопія
FO	Faroe Islands	Фарерские о-ва	フェロー諸島	Фарерські Острови
GA	Gabon	Габон	ガボン共和国	Габон
GM	Gambia	Гамбия	ガンビア共和国	Гамбія
GL	Greenland	Гренландия	グリーンランド	Гренландія
GW	Guinea-Bissau	Гвинея-Бисау	ギニアビサウ共和国	Гвінея-Бісау
GN	Guinea	Гвинея	ギニア共和国	Гвінея
KW	Kuwait	Кувейт	クウェート	Кувейт
LA	Laos	Лаос	ラオス	Лаос
LS	Lesotho	Лесото	レソト王国	Лесото
LR	Liberia	Либерия	リベリア共和国	Ліберія
LY	Libya	Ливия	社会主義人民リビア・アラブ国	Лівія
MO	Macao	Макао	マカオ	Макао, ОАР Китаю
MG	Madagascar	Мадагаскар	マダガスカル共和国	Мадагаскар
MW	Malawi	Малави	マラウイ共和国	Малаві
MV	Maldives	Мальдивы	モルディブ	Мальдіви
ML	Mali	Мали	マリ共和国	Малі
MR	Mauritania	Мавритания	モーリタニア・イスラム共和国	Мавританія
MU	Mauritius	Маврикий	モーリシャス	Маврикій
MC	Monaco	Монако	モナコ	Монако
MN	Mongolia	Монголия	モンゴル国	Монголія
ME	Montenegro	Черногория	モンテネグロ	Чорногорія
MA	Morocco	Марокко	モロッコ王国	Марокко
MZ	Mozambique	Мозамбик	モザンビーク共和国	Мозамбік
MM	Myanmar	Мьянма (Бирма)	ミャンマー連邦	Мʼянма (Бірма)
NA	Namibia	Намибия	ナミビア共和国	Намібія
NP	Nepal	Непал	ネパール王国	Непал
NE	Niger	Нигер	ニジェール共和国	Нігер
NG	Nigeria	Нигерия	ナイジェリア連邦共和国	Нігерія
PK	Pakistan	Пакистан	パキスタン・イスラム共和国	Пакистан
DJ	Djibouti	Джибути	ジブチ	Джибуті
CG	Congo Republic	Республика Конго	コンゴ共和国	Конго – Браззавіль
RW	Rwanda	Руанда	ルワンダ共和国	Руанда
SH	Saint Helena	о-в Св. Елены	セントヘレナ	Острів Святої Єлени
PM	Saint Pierre and Miquelon	Сен-Пьер и Микелон	サンピエール島・ミクロン島	Сен-Пʼєр і Мікелон
SM	San Marino	Сан-Марино	サンマリノ共和国	Сан-Марино
ST	São Tomé and Príncipe	Сан-Томе и Принсипи	サントメ・プリンシペ	Сан-Томе і Принсіпі
SN	Senegal	Сенегал	セネガル共和国	Сенегал
SL	Sierra Leone	Сьерра-Леоне	シエラレオネ	Сьєрра-Леоне
SO	Somalia	Сомали	ソマリア	Сомалі
LK	Sri Lanka	Шри-Ланка	スリランカ民主社会主義共和国	Шрі-Ланка
SD	Sudan	Судан	スーダン共和国	Судан
SJ	Svalbard and Jan Mayen	Шпицберген и Ян-Майен	スバールバル諸島・ヤンマイエン島	Шпіцберген та Ян-Маєн
TJ	Tajikistan	Таджикистан	タジキスタン共和国	Таджикистан
TG	Togo	Того	トーゴ共和国	Того
TN	Tunisia	Тунис	チュニジア共和国	Туніс
TM	Turkmenistan	Туркменистан	トルクメニスタン	Туркменістан
VA	Vatican City	Ватикан	ローマ法王庁 (バチカン市国)	Ватикан
YE	Yemen	Йемен	イエメン共和国	Ємен
ZM	Zambia	Замбия	ザンビア共和国	Замбія
ZW	Zimbabwe	Зимбабве	ジンバブエ共和国	Зімбабве
AF	Afghanistan	Афганистан	アフガニスタン・イスラム国	Афганістан
AL	Albania	Албания	アルバニア共和国	Албанія
DZ	Algeria	Алжир	アルジェリア民主人民共和国	Алжир
IM	Isle of Man	о-в Мэн	マン島	Острів Мен
GG	Guernsey	Гернси	ガーンジー	Гернсі
YT	Mayotte	Майотта	マヨット島	Майотта
MQ	Martinique	Мартиника	マルティニーク	Мартиніка
MF	Saint Martin	Сен-Мартен	サン・マルタン	Сен-Мартен
GF	French Guiana	Французская Гвиана	仏領ギアナ	Французька Гвіана
XK	Kosovo	Косово	コソボ	Косово
PF	French Polynesia	Французская Полинезия	仏領ポリネシア	Французька Полінезія
MP	Northern Mariana Islands	Северные Марианские о-ва	北マリアナ諸島	Північні Маріанські Острови
VI	U.S. Virgin Islands	Виргинские о-ва (США)	米領ヴァージン諸島	Віргінські Острови (США)
UM	U.S. Outlying Islands	Внешние малые о-ва (США)	合衆国領有小離島	Віддалені острови США
BL	Saint Barthélemy	Остров Святого Бартоломея	サン・バルテルミー	Сен-Бартелемі
WF	Wallis and Futuna	Уоллис и Футуна	ウォリス・フツナ	Уолліс і Футуна
AQ	Antarctica	Антарктида	南極	Антарктика
SS	South Sudan	Южный Судан	南スーダン共和国	Південний Судан
PW	Palau	Палау	パラオ	Палау
TL	Timor-Leste	Тимор-Лесте	東ティモール共和国	Тимор-Лешті
FM	Federated States of Micronesia	Федеративные Штаты Микронезии	ミクロネシア連邦	Мікронезія
CW	Curaçao	Кюрасао	キュラソー	Кюрасао
SX	Sint Maarten	Синт-Мартен	シント・マールテン	Сінт-Мартен
MH	Marshall Islands	Маршалловы Острова	マーシャル諸島	Маршаллові Острови
EH	Western Sahara	Западная Сахара	西サハラ	Західна Сахара
IO	British Indian Ocean Territory	Британская территория в Индийском океане	英領インド洋地域	Британська територія в Індійському океані
BV	Bouvet Island	о-в Буве	ブーベ島	Острів Буве
TF	French Southern Territories	Французские Южные территории	仏領極南諸島	Французькі Південні Території
BQ	Bonaire, Sint Eustatius, and Saba	Бонайре, Синт-Эстатиус и Саба	ボネール、シント・ユースタティウスおよびサバ	Карибські Нідерланди
GS	South Georgia and the South Sandwich Islands	Южная Георгия и Южные Сандвичевы о-ва	サウスジョージア・サウスサンドウィッチ諸島	Південна Джорджія та Південні Сандвічеві Острови
HM	Heard and McDonald Islands	о-ва Херд и Макдональд	ハード島・マクドナルド諸島	Острови Герд і Макдоналд
